Land,Regierungsbezirk,Kennziffer,Zulassungsbezirk,Personenkraftwagen_LW,Personenkraftwagen_G,Personenkraftwagen_Bau,Personenkraftwagen_H,Personenkraftwagen_VL,Personenkraftwagen_WD,Personenkraftwagen_SD,Personenkraftwagen_A,Personenkraftwagen_S,Personenkraftwagen,Lastkraftwagen_LW,Lastkraftwagen_G,Lastkraftwagen_Bau,Lastkraftwagen_H,Lastkraftwagen_VL,Lastkraftwagen_WD,Lastkraftwagen_SD,Lastkraftwagen_A,Lastkraftwagen_S,Lastkraftwagen
BADEN-WUERTTEMBERG,RB FREIBURG,8315, BREISGAU-HOCHSCHWARZWALD,8,327,209,683,74,321,228,17663,587,20100,1,68,169,95,74,101,129,443,83,1163
BADEN-WUERTTEMBERG,RB FREIBURG,8316, EMMENDINGEN,5,172,96,657,26,182,187,11242,290,12857,2,56,62,107,31,27,63,330,33,711
BADEN-WUERTTEMBERG,RB FREIBURG,8311, FREIBURG I.BREISG.STADT,1,251,115,1458,125,170,908,9505,751,13284,0,6,54,167,88,31,157,264,50,817
BADEN-WUERTTEMBERG,RB FREIBURG,8335, KONSTANZ,10,407,139,1690,60,101,866,20844,574,24691,7,69,112,130,44,25,186,430,70,1073
BADEN-WUERTTEMBERG,RB FREIBURG,8336, LOERRACH,5,486,81,954,43,272,370,17123,277,19611,5,93,76,49,47,18,102,458,62,910
BADEN-WUERTTEMBERG,RB FREIBURG,8317, ORTENAUKREIS,30,747,324,5926,208,237,1305,30744,2584,42105,14,217,247,688,190,47,309,742,113,2567
BADEN-WUERTTEMBERG,RB FREIBURG,8325, ROTTWEIL,2,60,30,564,47,11,1480,12897,73,15164,3,5,37,44,50,2,356,242,9,748
BADEN-WUERTTEMBERG,RB FREIBURG,8326, SCHWARZWALD-BAAR-KREIS,5,314,116,963,45,72,1158,18860,420,21953,2,54,113,93,140,33,335,372,46,1188
BADEN-WUERTTEMBERG,RB FREIBURG,8327, TUTTLINGEN,1,1326,118,917,40,38,300,13023,197,15960,0,100,98,49,38,15,71,252,20,643
BADEN-WUERTTEMBERG,RB FREIBURG,8337, WALDSHUT,8,230,105,1185,67,259,207,15883,282,18226,3,78,99,98,39,33,80,376,50,856
BADEN-WUERTTEMBERG,RB KARLSRUHE,8211," BADEN-BADEN,STADT",2,147,66,975,51,104,122,3945,359,5771,4,34,37,34,13,16,24,62,30,254
BADEN-WUERTTEMBERG,RB KARLSRUHE,8235, CALW,5,204,50,600,41,103,819,15675,185,17682,8,37,47,70,83,21,217,315,24,822
BADEN-WUERTTEMBERG,RB KARLSRUHE,8236, ENZKREIS,7,311,61,509,34,45,1121,15218,223,17529,3,49,66,59,49,8,202,304,28,768
BADEN-WUERTTEMBERG,RB KARLSRUHE,8237, FREUDENSTADT,6,383,132,764,71,35,338,11036,352,13117,7,43,94,116,64,9,22,232,71,658
BADEN-WUERTTEMBERG,RB KARLSRUHE,8221," HEIDELBERG,STADT",0,251,146,649,47,228,572,5887,476,8256,1,14,74,42,19,32,99,100,54,435
BADEN-WUERTTEMBERG,RB KARLSRUHE,8215, KARLSRUHE,8,655,357,2326,134,284,1319,30547,796,36426,7,146,218,188,111,32,313,600,82,1697
BADEN-WUERTTEMBERG,RB KARLSRUHE,8212," KARLSRUHE,STADT",0,207,97,2465,88,951,2608,13503,900,20819,1,18,54,165,65,41,397,315,157,1213
BADEN-WUERTTEMBERG,RB KARLSRUHE,8222," MANNHEIM,STADT",8,1016,399,1644,308,1801,1269,18633,1477,26555,2,120,123,422,149,225,398,479,70,1988
BADEN-WUERTTEMBERG,RB KARLSRUHE,8225, NECKAR-ODENWALD-KREIS,14,175,80,956,27,156,679,12444,223,14754,14,30,92,138,175,3,177,276,40,945
BADEN-WUERTTEMBERG,RB KARLSRUHE,8231," PFORZHEIM,STADT",1,325,93,917,30,75,67,8214,543,10265,2,44,58,74,38,23,19,167,28,453
BADEN-WUERTTEMBERG,RB KARLSRUHE,8216, RASTATT,18,1276,199,946,74,101,744,19111,327,22796,17,77,103,96,74,14,167,418,32,998
BADEN-WUERTTEMBERG,RB KARLSRUHE,8226, RHEIN-NECKAR-KREIS,9,711,268,2128,172,3840,1231,37195,1181,46735,8,155,185,244,215,127,397,812,181,2324
BADEN-WUERTTEMBERG,RB STUTTGART,8115, BOEBLINGEN,10,11042,167,4772,77,828,1639,33338,1130,53003,5,90,85,170,67,122,305,502,67,1413
BADEN-WUERTTEMBERG,RB STUTTGART,8116, ESSLINGEN,11,1483,290,2685,155,768,3089,39329,1106,48916,12,253,234,185,220,163,506,700,92,2365
BADEN-WUERTTEMBERG,RB STUTTGART,8117, GOEPPINGEN,8,720,291,1297,83,198,951,21452,427,25427,6,136,209,125,135,48,165,502,51,1377
BADEN-WUERTTEMBERG,RB STUTTGART,8135, HEIDENHEIM,4,171,70,535,53,49,307,11146,478,12813,8,39,52,67,70,28,39,195,49,547
BADEN-WUERTTEMBERG,RB STUTTGART,8125, HEILBRONN,21,8283,319,6737,102,301,430,26666,801,43660,19,208,230,153,185,56,117,603,91,1662
BADEN-WUERTTEMBERG,RB STUTTGART,8121," HEILBRONN,STADT",2,336,83,1205,65,60,567,8355,349,11022,1,41,62,363,131,16,95,224,47,980
BADEN-WUERTTEMBERG,RB STUTTGART,8126, HOHENLOHEKREIS,19,236,60,3065,45,90,437,9175,124,13251,6,56,53,75,44,13,104,169,15,535
BADEN-WUERTTEMBERG,RB STUTTGART,8118, LUDWIGSBURG,17,1912,201,2776,102,425,2278,37425,695,45831,8,115,99,234,200,73,459,980,98,2266
BADEN-WUERTTEMBERG,RB STUTTGART,8128, MAIN-TAUBER-KREIS,8,476,128,406,37,97,153,10440,254,11999,3,93,122,55,43,20,41,241,40,658
BADEN-WUERTTEMBERG,RB STUTTGART,8136, OSTALBKREIS,18,1076,288,1931,105,455,212,24955,812,29852,23,154,250,247,116,73,63,444,124,1494
BADEN-WUERTTEMBERG,RB STUTTGART,8119, REMS-MURR-KREIS,4,602,219,1841,103,146,2591,31801,926,38233,6,125,188,128,82,61,516,617,139,1862
BADEN-WUERTTEMBERG,RB STUTTGART,8127, SCHWAEBISCH-HALL,11,217,238,876,37,323,885,15306,199,18092,13,46,134,116,20,26,212,386,26,979
BADEN-WUERTTEMBERG,RB STUTTGART,8111," STUTTGART,STADT",6,13305,325,2243,197,4809,6708,30170,4012,61775,5,388,202,217,93,44,692,482,353,2476
BADEN-WUERTTEMBERG,RB TUEBINGEN,8425, ALB-DONAU-KREIS,3,240,97,484,66,20,793,16370,182,18255,5,68,146,67,65,10,293,361,51,1066
BADEN-WUERTTEMBERG,RB TUEBINGEN,8426, BIBERACH,25,344,155,824,68,153,630,17033,248,19480,52,156,154,60,78,57,184,348,89,1178
BADEN-WUERTTEMBERG,RB TUEBINGEN,8435, BODENSEEKREIS,16,742,170,1202,32,180,309,16997,783,20431,18,113,163,107,27,27,62,351,57,925
BADEN-WUERTTEMBERG,RB TUEBINGEN,8436, RAVENSBURG,25,747,247,2921,170,180,506,23775,720,29291,10,157,218,171,173,51,175,672,63,1690
BADEN-WUERTTEMBERG,RB TUEBINGEN,8415, REUTLINGEN,10,528,208,1311,87,89,1455,22339,592,26619,7,74,172,164,144,17,341,408,61,1388
BADEN-WUERTTEMBERG,RB TUEBINGEN,8437, SIGMARINGEN,10,253,140,868,28,44,151,12563,623,14680,9,52,116,222,58,16,35,328,34,870
BADEN-WUERTTEMBERG,RB TUEBINGEN,8416, TUEBINGEN,5,188,106,509,59,143,1364,14712,357,17443,2,26,51,229,34,15,212,221,20,810
BADEN-WUERTTEMBERG,RB TUEBINGEN,8421," ULM,STADT",1,379,46,979,51,21,1213,7752,262,10704,3,100,63,93,31,8,189,122,27,636
BADEN-WUERTTEMBERG,RB TUEBINGEN,8417, ZOLLERNALBKREIS,27,436,166,948,36,147,394,18489,400,21043,12,65,148,131,35,39,145,420,46,1041
BAYERN,RB MITTELFRANKEN,9571, ANSBACH,20,258,173,899,57,74,119,15420,276,17296,7,105,212,108,97,41,81,406,46,1103
BAYERN,RB MITTELFRANKEN,9561," ANSBACH,STADT",3,91,15,431,9,390,164,3190,127,4420,2,3,22,33,3,46,19,95,15,238
BAYERN,RB MITTELFRANKEN,9562," ERLANGEN,STADT",0,156,69,509,26,225,175,5405,417,6982,0,18,45,73,18,11,24,80,52,321
BAYERN,RB MITTELFRANKEN,9572, ERLANGEN-HOECHSTADT,3,826,25,267,32,101,568,8952,87,10861,1,21,33,28,16,12,95,232,18,456
BAYERN,RB MITTELFRANKEN,9573, FUERTH,2,141,72,172,11,80,164,8642,197,9481,1,37,80,30,11,24,69,296,32,580
BAYERN,RB MITTELFRANKEN,9563," FUERTH,STADT",0,122,47,713,59,70,525,7400,165,9101,2,11,41,113,68,11,108,225,24,603
BAYERN,RB MITTELFRANKEN,9575, NEUSTADT/AISCH-WINDSHEIM,23,165,59,394,54,121,46,8087,149,9098,3,60,99,116,37,29,11,234,33,622
BAYERN,RB MITTELFRANKEN,9564," NUERNBERG,STADT",3,365,274,3786,183,1486,3220,27282,1408,38007,21,149,212,568,494,207,591,895,146,3283
BAYERN,RB MITTELFRANKEN,9574, NUERNBERGER LAND,13,318,115,860,53,174,212,12424,344,14513,12,52,125,104,103,52,73,283,50,854
BAYERN,RB MITTELFRANKEN,9576, ROTH,7,148,126,857,307,86,66,9770,197,11564,4,43,117,140,229,34,17,278,71,933
BAYERN,RB MITTELFRANKEN,9565," SCHWABACH,STADT",1,85,20,598,10,101,438,2865,75,4193,1,12,20,47,7,11,42,63,8,211
BAYERN,RB MITTELFRANKEN,9577, WEISSENBURG-GUNZENHAUSEN,18,166,58,1109,60,147,26,7890,215,9689,7,41,115,119,67,26,4,225,34,638
BAYERN,RB NIEDERBAYERN,9271, DEGGENDORF,9,178,186,987,67,296,173,10657,288,12841,1,42,281,194,70,271,85,347,44,1335
BAYERN,RB NIEDERBAYERN,9279, DINGOLFING-LANDAU,26,6847,47,318,28,29,50,9218,110,16673,12,45,92,44,77,13,13,378,35,709
BAYERN,RB NIEDERBAYERN,9272, FREYUNG-GRAFENAU,4,208,119,337,57,27,369,8309,135,9565,4,54,234,56,20,20,228,340,14,970
BAYERN,RB NIEDERBAYERN,9273, KELHEIM,12,103,47,823,38,11,730,10683,52,12499,25,45,110,61,49,31,387,392,18,1118
BAYERN,RB NIEDERBAYERN,9274, LANDSHUT,27,566,163,1279,45,120,332,13850,228,16610,21,41,299,155,101,60,118,543,53,1391
BAYERN,RB NIEDERBAYERN,9261," LANDSHUT,STADT",1,35,18,627,11,245,214,4895,251,6297,2,25,17,43,7,10,35,156,34,329
BAYERN,RB NIEDERBAYERN,9275, PASSAU,35,236,121,1735,97,145,421,18869,410,22069,6,113,162,171,98,52,225,663,100,1590
BAYERN,RB NIEDERBAYERN,9262," PASSAU,STADT",2,63,86,732,20,220,217,3784,255,5379,0,8,108,82,16,55,49,84,28,430
BAYERN,RB NIEDERBAYERN,9276, REGEN,68,144,100,311,48,49,41,7386,214,8361,15,60,305,62,74,21,9,267,42,855
BAYERN,RB NIEDERBAYERN,9277, ROTTAL-INN,64,144,600,704,33,37,220,11074,285,13161,13,137,383,131,100,18,64,402,43,1291
BAYERN,RB NIEDERBAYERN,9263," STRAUBING,STADT",0,84,38,1428,19,38,83,3618,311,5619,0,23,36,162,74,9,22,83,29,438
BAYERN,RB NIEDERBAYERN,9278, STRAUBING-BOGEN,16,114,92,256,13,37,62,8950,157,9697,17,44,146,36,69,46,17,358,24,757
BAYERN,RB OBERBAYERN,9171, ALTOETTING,11,135,103,439,23,20,475,9529,122,10857,4,21,91,39,33,5,148,246,17,604
BAYERN,RB OBERBAYERN,9173, BAD TOELZ-WOLFRATSHAUSEN,6,161,145,694,20,37,537,10530,259,12389,0,20,111,78,16,10,136,402,25,798
BAYERN,RB OBERBAYERN,9172, BERCHTESGADENER LAND,11,151,79,619,21,523,125,8864,224,10617,2,33,145,73,17,89,31,235,27,652
BAYERN,RB OBERBAYERN,9174, DACHAU,3,140,126,1591,351,136,323,10875,346,13891,6,34,105,90,76,28,85,321,39,784
BAYERN,RB OBERBAYERN,9175, EBERSBERG,13,161,126,845,44,443,382,9541,299,11854,9,26,126,160,75,18,79,241,30,764
BAYERN,RB OBERBAYERN,9176, EICHSTAETT,11,165,101,352,17,34,382,9401,72,10535,2,39,115,49,32,6,51,280,36,610
BAYERN,RB OBERBAYERN,9177, ERDING,8,124,78,1130,116,168,432,10697,212,12965,10,33,107,251,306,39,89,293,42,1170
BAYERN,RB OBERBAYERN,9178, FREISING,6,164,93,738,371,110,819,12919,254,15474,1,45,67,104,246,30,307,367,33,1200
BAYERN,RB OBERBAYERN,9179, FUERSTENFELDBRUCK,4,135,213,676,77,126,564,13678,374,15847,1,30,124,117,80,30,157,414,66,1019
BAYERN,RB OBERBAYERN,9180, GARMISCH-PARTENKIRCHEN,18,47,59,531,35,41,291,6378,293,7693,8,8,87,56,23,15,74,201,31,503
BAYERN,RB OBERBAYERN,9161," INGOLSTADT,STADT",3,24505,121,1969,45,325,284,8347,528,36127,1,50,77,98,23,37,51,172,41,550
BAYERN,RB OBERBAYERN,9181, LANDSBERG AM LECH,7,942,84,963,31,126,437,9635,199,12424,6,33,101,82,56,23,128,247,25,701
BAYERN,RB OBERBAYERN,9182, MIESBACH,8,199,73,587,41,44,595,8318,282,10147,4,32,83,46,65,15,119,309,25,698
BAYERN,RB OBERBAYERN,9183, MUEHLDORF A.INN,6,254,98,726,27,69,124,10805,254,12363,6,93,87,189,63,32,25,314,75,884
BAYERN,RB OBERBAYERN,9184, MUENCHEN,4,5611,426,2942,224,2508,4841,19895,2577,39028,3,125,230,347,144,330,791,422,138,2530
BAYERN,RB OBERBAYERN,9162," MUENCHEN,STADT",1,31393,187,7539,386,74855,20285,63421,5201,203268,1,279,83,1073,219,7647,2720,1484,165,13671
BAYERN,RB OBERBAYERN,9185, NEUBURG-SCHROBENHAUSEN,17,220,174,508,23,38,129,7412,190,8711,19,24,170,65,42,14,35,236,34,639
BAYERN,RB OBERBAYERN,9186, PFAFFENHOFEN A.D.ILM,12,163,82,751,68,73,137,10157,233,11676,5,52,98,114,159,33,65,367,63,956
BAYERN,RB OBERBAYERN,9187, ROSENHEIM,35,454,201,1855,80,467,949,21381,596,26018,13,68,208,285,71,53,321,695,129,1843
BAYERN,RB OBERBAYERN,9163," ROSENHEIM,STADT",0,49,52,633,25,91,246,4493,244,5833,1,53,48,54,6,11,48,123,33,377
BAYERN,RB OBERBAYERN,9188, STARNBERG,5,287,80,769,43,126,804,9396,533,12043,2,28,62,58,19,32,114,272,43,630
BAYERN,RB OBERBAYERN,9189, TRAUNSTEIN,10,183,168,1117,27,54,250,15436,396,17641,11,76,254,117,78,47,62,450,81,1176
BAYERN,RB OBERBAYERN,9190, WEILHEIM-SCHONGAU,23,230,106,697,16,37,271,11379,205,12964,8,50,169,68,32,12,70,361,40,810
BAYERN,RB OBERFRANKEN,9471, BAMBERG,10,124,147,275,37,134,132,11690,294,12843,3,51,137,58,203,37,52,260,39,840
BAYERN,RB OBERFRANKEN,9461," BAMBERG,STADT",0,111,42,755,44,216,145,3983,531,5827,0,30,40,117,53,29,46,88,64,467
BAYERN,RB OBERFRANKEN,9472, BAYREUTH,12,150,83,305,35,37,41,9010,224,9897,12,39,135,42,109,28,17,241,45,668
BAYERN,RB OBERFRANKEN,9462," BAYREUTH,STADT",2,154,124,2830,22,91,638,4221,476,8558,2,24,72,266,83,22,50,80,46,645
BAYERN,RB OBERFRANKEN,9473, COBURG,5,231,60,458,16,24,29,7261,116,8200,6,54,58,45,49,21,12,194,18,457
BAYERN,RB OBERFRANKEN,9463," COBURG,STADT",0,221,18,539,69,45,25,2872,297,4086,1,62,29,80,21,15,4,51,7,270
BAYERN,RB OBERFRANKEN,9474, FORCHHEIM,10,73,60,289,28,98,81,8761,202,9602,11,34,85,44,49,32,28,237,29,549
BAYERN,RB OBERFRANKEN,9475, HOF,12,283,55,390,34,20,97,9480,121,10492,5,66,131,119,96,11,45,274,29,776
BAYERN,RB OBERFRANKEN,9464," HOF,STADT",0,121,26,1868,52,46,99,4222,162,6596,1,33,36,161,51,6,23,100,27,438
BAYERN,RB OBERFRANKEN,9476, KRONACH,6,144,53,310,28,20,47,5968,221,6797,10,35,109,47,27,18,14,125,37,422
BAYERN,RB OBERFRANKEN,9477, KULMBACH,28,274,64,349,21,53,43,6052,249,7133,3,72,56,63,50,22,10,147,37,460
BAYERN,RB OBERFRANKEN,9478, LICHTENFELS,8,102,28,197,15,9,173,5369,166,6067,4,28,60,26,28,4,74,143,58,425
BAYERN,RB OBERFRANKEN,9479, WUNSIEDEL I.FICHTELGEB.,2,214,26,516,22,17,328,7037,140,8302,0,28,73,51,17,1,63,151,39,423
BAYERN,RB OBERPFALZ,9361," AMBERG,STADT",2,73,27,470,5,44,41,3208,198,4068,0,18,40,67,15,6,12,56,32,246
BAYERN,RB OBERPFALZ,9371, AMBERG-SULZBACH,12,129,113,336,37,57,76,8730,166,9656,4,40,177,143,125,22,40,199,43,793
BAYERN,RB OBERPFALZ,9372, CHAM,19,212,265,1033,40,82,106,11685,266,13708,13,89,610,372,136,29,42,460,31,1782
BAYERN,RB OBERPFALZ,9373, NEUMARKT I.D.OPF.,14,257,342,2199,43,81,75,9992,288,13291,9,74,268,447,76,27,37,327,46,1311
BAYERN,RB OBERPFALZ,9374, NEUSTADT A.D.WALDNAAB,13,123,58,308,25,29,228,9119,99,10002,15,55,101,54,69,18,52,252,19,635
BAYERN,RB OBERPFALZ,9375, REGENSBURG,18,256,132,843,72,33,469,14787,201,16811,9,47,202,132,244,28,166,393,35,1256
BAYERN,RB OBERPFALZ,9362," REGENSBURG,STADT",136,2939,75,1995,82,3566,609,8321,885,18608,13,40,58,284,70,3061,89,160,45,3820
BAYERN,RB OBERPFALZ,9376, SCHWANDORF,26,118,70,991,46,25,531,13252,196,15255,13,47,120,108,98,15,255,389,31,1076
BAYERN,RB OBERPFALZ,9377, TIRSCHENREUTH,14,126,104,174,27,39,28,6860,145,7517,10,42,169,23,43,3,4,209,31,534
BAYERN,RB OBERPFALZ,9363," WEIDEN I.D.OPF.,STADT",0,80,38,464,10,68,227,3504,122,4513,2,22,39,96,44,18,80,71,12,384
BAYERN,RB SCHWABEN,9771, AICHACH-FRIEDBERG,21,233,161,434,39,72,87,10114,333,11494,12,104,117,106,52,60,32,319,62,864
BAYERN,RB SCHWABEN,9772, AUGSBURG,9,478,307,1607,143,409,150,20404,554,24061,3,145,241,204,311,65,32,485,92,1578
BAYERN,RB SCHWABEN,9761," AUGSBURG,STADT",3,797,153,2699,145,367,725,18032,1568,24489,1,145,114,299,124,84,124,476,139,1506
BAYERN,RB SCHWABEN,9773, DILLINGEN A.D.DONAU,8,133,101,344,24,55,138,8432,139,9374,7,52,104,56,77,19,95,286,24,720
BAYERN,RB SCHWABEN,9779, DONAU-RIES,54,492,88,973,57,80,44,10847,324,12959,59,69,151,142,112,23,4,292,62,914
BAYERN,RB SCHWABEN,9774, GUENZBURG,10,3476,163,784,45,81,225,11748,366,16898,10,82,142,81,1237,37,24,367,68,2048
BAYERN,RB SCHWABEN,9762," KAUFBEUREN,STADT",0,65,33,436,18,55,40,3658,119,4424,0,19,75,70,15,16,12,66,24,297
BAYERN,RB SCHWABEN,9763," KEMPTEN(ALLGAEU),STADT",3,93,29,1482,229,52,281,5520,398,8087,0,34,30,93,56,11,55,136,29,444
BAYERN,RB SCHWABEN,9776, LINDAU (BODENSEE),31,159,57,348,12,42,217,6394,183,7443,8,45,66,27,13,2,36,146,14,357
BAYERN,RB SCHWABEN,9764," MEMMINGEN,STADT",3,115,97,627,20,26,174,3497,76,4635,0,40,137,87,6,3,35,49,7,364
BAYERN,RB SCHWABEN,9775, NEU-ULM,2,327,183,1380,104,431,488,14696,208,17819,10,80,108,447,143,21,155,264,34,1262
BAYERN,RB SCHWABEN,9780, OBERALLGAEU,27,203,205,725,22,95,421,13757,419,15874,8,60,212,94,54,48,150,371,47,1044
BAYERN,RB SCHWABEN,9777, OSTALLGAEU,14,444,146,788,127,83,62,12011,333,14008,11,64,227,113,52,28,19,369,52,935
BAYERN,RB SCHWABEN,9778, UNTERALLGAEU,5,289,186,619,93,38,235,12433,169,14067,3,60,168,105,61,12,69,365,30,873
BAYERN,RB UNTERFRANKEN,9671, ASCHAFFENBURG,1,382,173,755,112,148,508,13372,238,15689,6,77,138,106,179,46,112,404,62,1130
BAYERN,RB UNTERFRANKEN,9661," ASCHAFFENBURG,STADT",1,172,67,976,138,287,224,4539,286,6690,1,32,38,79,50,166,24,132,31,553
BAYERN,RB UNTERFRANKEN,9672, BAD KISSINGEN,12,132,156,260,50,51,58,8691,264,9674,18,56,216,67,67,11,24,171,30,660
BAYERN,RB UNTERFRANKEN,9674, HASSBERGE,12,175,50,360,32,92,89,7425,128,8363,12,64,118,55,38,39,54,245,21,646
BAYERN,RB UNTERFRANKEN,9675, KITZINGEN,32,123,29,291,28,40,207,7426,332,8508,23,13,62,43,37,8,61,238,35,520
BAYERN,RB UNTERFRANKEN,9677, MAIN-SPESSART,13,278,99,443,32,137,105,10252,184,11543,14,90,128,88,26,26,41,275,48,736
BAYERN,RB UNTERFRANKEN,9676, MILTENBERG,7,224,98,426,25,3430,466,10310,233,15219,8,27,115,96,51,401,109,268,27,1102
BAYERN,RB UNTERFRANKEN,9673, RHOEN-GRABFELD,10,119,64,376,51,195,56,6808,173,7852,8,38,61,61,49,4,22,165,61,469
BAYERN,RB UNTERFRANKEN,9678, SCHWEINFURT,3,54,58,296,40,61,161,9485,69,10227,1,42,32,70,72,15,54,346,19,651
BAYERN,RB UNTERFRANKEN,9662," SCHWEINFURT,STADT",0,428,71,377,13,15,246,3424,177,4751,0,27,12,52,12,0,48,65,26,242
BAYERN,RB UNTERFRANKEN,9679, WUERZBURG,9,247,72,537,30,81,495,11772,177,13420,7,22,100,46,57,31,108,319,26,716
BAYERN,RB UNTERFRANKEN,9663," WUERZBURG,STADT",7,156,37,1352,66,367,499,6353,739,9576,5,37,44,286,132,87,62,138,71,862
BERLIN,RB ZUSAMMEN,11000, Berlin,41,3341,1913,8238,2441,3195,9011,131617,10808,170605,38,1525,1590,1407,840,4572,2124,4001,1417,17514
BRANDENBURG,RB ZUSAMMEN,12060, BARNIM,4,37,60,619,26,87,633,12657,170,14293,5,21,83,88,30,14,214,693,43,1191
BRANDENBURG,RB ZUSAMMEN,12051," BRANDENBURG/HAVEL,STADT",2,57,29,539,28,55,131,4162,174,5177,3,22,34,85,25,9,72,126,18,394
BRANDENBURG,RB ZUSAMMEN,12052," COTTBUS, STADT",3,65,37,474,37,84,137,4924,296,6057,9,45,37,119,88,40,45,139,37,559
BRANDENBURG,RB ZUSAMMEN,12061, DAHME-SPREEWALD,30,71,138,1266,127,85,329,11436,229,13711,19,43,139,140,205,18,152,499,54,1269
BRANDENBURG,RB ZUSAMMEN,12062, ELBE-ELSTER,16,57,62,237,11,58,139,6971,133,7684,16,28,56,45,26,24,58,446,26,725
BRANDENBURG,RB ZUSAMMEN,12053," FRANKFURT/ODER,STADT",0,4,18,349,29,23,196,3175,153,3947,4,5,28,31,48,262,91,95,23,587
BRANDENBURG,RB ZUSAMMEN,12063, HAVELLAND,30,121,119,643,49,45,68,11192,286,12553,21,43,102,103,111,13,53,666,51,1163
BRANDENBURG,RB ZUSAMMEN,12064, MAERKISCH-ODERLAND,17,18,111,997,45,87,492,13437,216,15420,13,13,126,336,189,29,311,655,63,1735
BRANDENBURG,RB ZUSAMMEN,12065, OBERHAVEL,15,18,101,402,39,115,424,13836,273,15223,18,25,144,63,140,76,199,591,65,1321
BRANDENBURG,RB ZUSAMMEN,12066, OBERSPREEWALD-LAUSITZ,6,90,66,235,35,18,161,6764,239,7614,31,53,49,42,34,5,73,253,50,590
BRANDENBURG,RB ZUSAMMEN,12067, ODER-SPREE,28,85,172,651,45,43,260,12344,378,14006,14,59,142,83,80,24,141,525,97,1165
BRANDENBURG,RB ZUSAMMEN,12068, OSTPRIGNITZ-RUPPIN,33,32,64,516,22,45,187,6797,195,7891,17,15,95,85,30,14,84,352,37,729
BRANDENBURG,RB ZUSAMMEN,12054," POTSDAM,STADT",2,9,36,455,32,80,764,7910,465,9753,1,5,26,41,53,14,222,213,39,614
BRANDENBURG,RB ZUSAMMEN,12069, POTSDAM-MITTELMARK,32,35,131,873,23,272,521,13766,262,15915,42,35,107,158,105,23,247,714,48,1479
BRANDENBURG,RB ZUSAMMEN,12070, PRIGNITZ,19,31,42,525,40,21,100,5284,179,6241,22,17,89,82,35,7,66,299,52,669
BRANDENBURG,RB ZUSAMMEN,12071, SPREE-NEISSE,10,38,50,130,19,35,154,7345,170,7951,10,36,68,44,39,10,91,360,65,723
BRANDENBURG,RB ZUSAMMEN,12072, TELTOW-FLAEMING,21,121,78,801,81,73,555,12274,334,14338,19,27,72,141,297,31,298,608,76,1569
BRANDENBURG,RB ZUSAMMEN,12073, UCKERMARK,14,18,17,671,24,86,282,8090,121,9323,10,8,14,125,9,39,170,445,13,833
BREMEN,RB ZUSAMMEN,4011," BREMEN, STADT",0,1571,120,1212,226,487,4655,29871,607,38749,4,66,63,156,87,47,856,766,49,2094
BREMEN,RB ZUSAMMEN,4012," BREMERHAVEN,STADT",3,82,21,803,94,35,537,8089,183,9847,0,18,28,66,17,9,191,184,17,530
HAMBURG,RB ZUSAMMEN,2000, HAMBURG,29,1725,696,7957,1523,49192,10074,82213,5201,158610,22,305,422,948,579,4421,1928,2464,445,11534
HESSEN,RB DARMSTADT,6431, BERGSTRASSE,4,653,159,1076,86,218,639,21077,327,24239,1,45,124,155,31,52,188,631,68,1295
HESSEN,RB DARMSTADT,6411," DARMSTADT,STADT",0,336,42,816,66,272,816,7080,603,10031,0,11,31,66,29,16,127,159,86,525
HESSEN,RB DARMSTADT,6432, DARMSTADT-DIEBURG,86,3905,108,1283,92,212,900,21252,263,28101,69,46,94,132,114,129,205,687,53,1529
HESSEN,RB DARMSTADT,6412," FRANKFURT AM MAIN,STADT",6,1253,506,4788,6848,4426,2453,31762,7423,59465,2,54,141,311,1744,287,594,754,235,4122
HESSEN,RB DARMSTADT,6433, GROSS-GERAU,1,2241,212,2108,369,203,795,18743,768,25440,1,101,59,157,219,100,187,523,58,1405
HESSEN,RB DARMSTADT,6434, HOCHTAUNUSKREIS,0,211,83,1635,79,19153,833,16062,1289,39345,3,24,67,78,146,1554,155,392,55,2474
HESSEN,RB DARMSTADT,6435, MAIN-KINZIG-KREIS,8,469,304,1742,144,412,804,32521,721,37125,6,83,167,211,148,37,258,1073,71,2054
HESSEN,RB DARMSTADT,6436, MAIN-TAUNUS-KREIS,3,318,167,1515,2566,20152,2200,14816,876,42613,3,50,33,110,113,3158,194,343,57,4061
HESSEN,RB DARMSTADT,6437, ODENWALDKREIS,5,159,44,415,29,12,95,8696,104,9559,2,32,29,37,10,5,29,288,24,456
HESSEN,RB DARMSTADT,6438, OFFENBACH,1,1761,186,1139,231,603,1557,23385,313,29176,0,197,56,106,67,155,330,620,39,1570
HESSEN,RB DARMSTADT,6413," OFFENBACH AM MAIN,STADT",3,364,343,1426,98,109,164,7231,270,10008,1,23,46,70,31,19,36,271,41,538
HESSEN,RB DARMSTADT,6439, RHEINGAU-TAUNUS-KREIS,9,206,77,519,69,225,103,14279,356,15843,6,18,40,45,14,15,34,461,49,682
HESSEN,RB DARMSTADT,6440, WETTERAUKREIS,1,178,84,2787,74,156,1007,23853,323,28463,2,67,75,1627,44,39,229,818,39,2940
HESSEN,RB DARMSTADT,6414," WIESBADEN,STADT",5,394,144,1289,118,7454,2041,17316,22243,51004,3,30,77,102,144,601,276,528,252,2013
HESSEN,RB GIESSEN,6531, GIESSEN,1,73,38,1234,51,2185,1379,19501,459,24921,1,9,52,165,94,157,384,668,44,1574
HESSEN,RB GIESSEN,6532, LAHN-DILL-KREIS,2,504,85,778,103,282,467,22284,494,24999,1,89,88,90,123,59,134,635,106,1325
HESSEN,RB GIESSEN,6533, LIMBURG-WEILBURG,3,144,142,838,65,21,256,15244,500,17213,2,34,111,170,53,7,112,498,135,1122
HESSEN,RB GIESSEN,6534, MARBURG-BIEDENKOPF,4,303,78,1089,89,32,340,19039,399,21373,3,44,121,156,27,9,97,508,89,1054
HESSEN,RB GIESSEN,6535, VOGELSBERGKREIS,7,144,55,388,30,25,22,9628,187,10486,0,39,56,69,48,1,6,303,29,551
HESSEN,RB KASSEL,6631, FULDA,8,380,164,1534,48,130,215,17322,458,20259,4,115,167,372,172,42,42,584,62,1560
HESSEN,RB KASSEL,6632, HERSFELD-ROTENBURG,6,114,162,353,62,28,58,10383,140,11306,8,33,117,57,178,7,5,386,42,833
HESSEN,RB KASSEL,6633," KASSEL, LAND",3,98,47,923,138,56,678,20336,329,22608,5,29,63,69,145,10,325,507,66,1219
HESSEN,RB KASSEL,6611," KASSEL,STADT",0,180,96,1450,52,64,1074,12248,785,15949,0,54,47,127,146,4,246,368,72,1064
HESSEN,RB KASSEL,6634, SCHWALM-EDER-KREIS,17,377,62,503,60,46,107,16695,152,18019,4,60,61,86,71,2,14,555,44,897
HESSEN,RB KASSEL,6635, WALDECK-FRANKENBERG,6,308,91,698,76,49,159,14818,435,16640,2,109,95,88,25,10,52,377,49,807
HESSEN,RB KASSEL,6636, WERRA-MEISSNER-KREIS,2,85,53,451,94,43,14,8424,134,9300,4,26,42,60,35,4,13,250,35,469
MECKLENBURG-VORPOMMERN,RB ZUSAMMEN,13076, LUDWIGSLUST-PARCHIM,42,119,118,485,54,71,231,16232,272,17624,41,77,135,67,73,40,127,980,54,1594
MECKLENBURG-VORPOMMERN,RB ZUSAMMEN,13071, MECKLENBURGISCHE SEENPLA.,64,70,141,816,57,127,571,18531,365,20742,35,56,151,144,143,63,332,1127,88,2139
MECKLENBURG-VORPOMMERN,RB ZUSAMMEN,13074, NORDWESTMECKLENBURG,10,41,66,368,18,9,504,11917,124,13057,13,12,46,42,15,2,233,775,26,1164
MECKLENBURG-VORPOMMERN,RB ZUSAMMEN,13072, ROSTOCK,50,77,134,856,63,264,364,15470,363,17641,37,38,143,130,111,76,235,901,81,1752
MECKLENBURG-VORPOMMERN,RB ZUSAMMEN,13003," ROSTOCK, STADT",1,55,55,798,69,261,515,9813,427,11994,0,31,40,87,48,23,212,256,65,762
MECKLENBURG-VORPOMMERN,RB ZUSAMMEN,13004," SCHWERIN, STADT",1,50,51,513,21,34,190,5091,470,6421,1,13,50,38,29,23,69,155,46,424
MECKLENBURG-VORPOMMERN,RB ZUSAMMEN,13075, VORPOMMERN-GREIFSWALD,27,53,68,2024,30,100,1525,16128,407,20362,35,36,101,834,38,46,196,1018,68,2372
MECKLENBURG-VORPOMMERN,RB ZUSAMMEN,13073, VORPOMMERN-RUEGEN,30,48,155,797,73,117,352,15924,500,17996,39,36,185,102,33,62,231,835,93,1616
NIEDERSACHSEN,RB BRAUNSCHWEIG,3101," BRAUNSCHWEIG,STADT",1,3894,68,1136,40,3874,1083,12818,928,23842,0,255,29,264,97,434,171,306,37,1593
NIEDERSACHSEN,RB BRAUNSCHWEIG,3151, GIFHORN,9,106,86,396,16,119,207,12608,171,13718,12,33,77,165,9,15,80,388,19,798
NIEDERSACHSEN,RB BRAUNSCHWEIG,3153, GOSLAR,19,70,66,417,27,380,87,10841,278,12185,10,12,50,70,33,108,34,282,36,635
NIEDERSACHSEN,RB BRAUNSCHWEIG,3159, Göttingen,24,601,172,1560,124,138,148,23506,710,26983,10,72,157,203,80,155,44,643,88,1452
NIEDERSACHSEN,RB BRAUNSCHWEIG,3154, HELMSTEDT,2,63,23,273,9,33,259,6931,126,7719,1,3,20,13,3,10,88,143,17,298
NIEDERSACHSEN,RB BRAUNSCHWEIG,3155, NORTHEIM,12,180,72,1445,40,70,66,11949,308,14142,4,31,83,267,47,19,18,327,60,856
NIEDERSACHSEN,RB BRAUNSCHWEIG,3157, PEINE,23,74,71,13209,48,2359,33344,10907,131,60166,6,17,58,778,36,5,1760,288,33,2981
NIEDERSACHSEN,RB BRAUNSCHWEIG,3102," SALZGITTER,STADT",0,124,33,311,19,117,160,7680,140,8584,0,32,25,37,33,17,55,185,28,412
NIEDERSACHSEN,RB BRAUNSCHWEIG,3158, WOLFENBUETTEL,10,48,39,461,9,10,311,8861,116,9865,3,5,32,57,10,7,133,190,18,455
NIEDERSACHSEN,RB BRAUNSCHWEIG,3103," WOLFSBURG,STADT",7,83694,54,560,59,67,61,7001,348,91851,1,498,52,27,17,7,15,110,14,741
NIEDERSACHSEN,RB HANNOVER,3251, DIEPHOLZ,41,282,128,802,116,109,599,19876,314,22267,11,105,85,171,86,38,190,597,44,1327
NIEDERSACHSEN,RB HANNOVER,3252, HAMELN-PYRMONT,3,150,34,374,28,64,143,12354,181,13331,2,23,25,69,14,29,45,387,33,627
NIEDERSACHSEN,RB HANNOVER,3241, HANNOVER,17,957,413,21913,343,799,6532,68149,2209,101332,16,385,229,1381,345,277,1792,1805,230,6460
NIEDERSACHSEN,RB HANNOVER,3254, HILDESHEIM,2,245,79,620,31,214,462,20083,405,22141,0,50,70,152,27,53,107,552,48,1059
NIEDERSACHSEN,RB HANNOVER,3255, HOLZMINDEN,11,86,41,228,15,15,80,6064,67,6607,5,30,27,25,17,1,21,152,11,289
NIEDERSACHSEN,RB HANNOVER,3256, NIENBURG(WESER),18,73,126,471,50,255,283,10999,149,12424,25,25,43,132,63,70,102,362,35,857
NIEDERSACHSEN,RB HANNOVER,3257, SCHAUMBURG,2,141,81,379,32,63,241,13741,173,14853,4,29,67,92,40,18,82,315,23,670
NIEDERSACHSEN,RB LUENEBURG,3351, CELLE,6,244,92,766,44,71,241,14874,345,16683,7,44,90,78,13,10,76,618,67,1003
NIEDERSACHSEN,RB LUENEBURG,3352, CUXHAVEN,11,62,83,475,31,116,219,17765,247,19009,7,25,122,46,18,56,93,649,31,1047
NIEDERSACHSEN,RB LUENEBURG,3353, HARBURG,38,111,212,3387,145,100,785,20702,361,25841,35,31,120,147,85,13,202,588,46,1267
NIEDERSACHSEN,RB LUENEBURG,3358, HEIDEKREIS,18,117,54,586,30,42,124,12763,201,13935,10,67,66,55,9,15,70,535,49,876
NIEDERSACHSEN,RB LUENEBURG,3354, LUECHOW-DANNENBERG,9,21,14,142,23,23,22,4407,95,4756,3,3,27,17,6,2,8,208,18,292
NIEDERSACHSEN,RB LUENEBURG,3355, LUENEBURG,32,115,160,1307,73,55,503,12900,388,15533,10,35,108,71,29,3,99,383,35,773
NIEDERSACHSEN,RB LUENEBURG,3356, OSTERHOLZ,2,23,14,276,10,38,275,9739,64,10441,3,16,18,42,7,6,76,339,17,524
NIEDERSACHSEN,RB LUENEBURG,3357, ROTENBURG(WUEMME),20,107,114,1103,62,989,831,15110,191,18527,9,48,104,207,33,432,201,444,36,1514
NIEDERSACHSEN,RB LUENEBURG,3359, STADE,24,57,81,741,31,222,691,17640,148,19635,5,26,68,59,16,70,183,517,28,972
NIEDERSACHSEN,RB LUENEBURG,3360, UELZEN,33,44,46,400,35,26,73,7872,164,8693,10,14,48,30,2,3,28,326,28,489
NIEDERSACHSEN,RB LUENEBURG,3361, VERDEN,14,144,113,932,33,91,371,11290,135,13123,5,52,90,188,22,8,131,274,37,807
NIEDERSACHSEN,RB WESER-EMS,3451, AMMERLAND,26,94,100,1281,46,176,260,10501,109,12593,21,31,100,109,42,60,88,371,22,844
NIEDERSACHSEN,RB WESER-EMS,3452, AURICH,10,135,139,647,61,122,306,17821,302,19543,25,162,141,73,35,35,132,575,72,1250
NIEDERSACHSEN,RB WESER-EMS,3453, CLOPPENBURG,32,369,128,574,75,67,303,15214,139,16901,36,109,145,103,52,23,106,669,41,1284
NIEDERSACHSEN,RB WESER-EMS,3401," DELMENHORST,STADT",2,52,36,270,38,68,61,6249,159,6935,1,27,45,31,27,17,16,121,11,296
NIEDERSACHSEN,RB WESER-EMS,3402," EMDEN,STADT",5,53,29,103,79,8,147,3831,62,4317,0,14,19,10,9,2,31,92,14,191
NIEDERSACHSEN,RB WESER-EMS,3454, EMSLAND,35,457,717,6684,202,275,431,28143,521,37465,21,241,413,239,118,86,123,1077,140,2458
NIEDERSACHSEN,RB WESER-EMS,3455, FRIESLAND,7,62,37,507,36,12,85,9740,184,10670,9,20,42,50,80,0,33,217,30,481
NIEDERSACHSEN,RB WESER-EMS,3456, GRAFSCHAFT BENTHEIM,8,109,140,15151,23,207,797,12544,107,29086,7,33,106,417,20,30,176,425,30,1244
NIEDERSACHSEN,RB WESER-EMS,3457, LEER,5,18,78,417,37,103,484,16305,88,17535,6,21,81,67,47,39,157,655,15,1088
NIEDERSACHSEN,RB WESER-EMS,3403," OLDENBURG(OLDENB),STADT",0,100,88,1275,18,352,640,10357,626,13456,0,20,59,169,21,113,110,209,28,729
NIEDERSACHSEN,RB WESER-EMS,3458, OLDENBURG(OLDENBURG),7,45,49,310,38,385,291,11405,331,12861,5,18,58,83,62,171,144,310,18,869
NIEDERSACHSEN,RB WESER-EMS,3459, OSNABRUECK,32,596,243,1634,80,963,518,30805,282,35153,20,132,131,138,107,184,181,1036,63,1992
NIEDERSACHSEN,RB WESER-EMS,3404," OSNABRUECK,STADT",3,138,185,1500,112,791,975,10320,231,14255,2,52,14,350,92,146,243,286,33,1218
NIEDERSACHSEN,RB WESER-EMS,3460, VECHTA,23,57,59,473,36,49,941,11581,69,13288,11,30,55,72,45,14,339,395,13,974
NIEDERSACHSEN,RB WESER-EMS,3461, WESERMARSCH,2,6,6,90,19,60,299,8092,62,8636,2,4,12,10,66,45,76,202,13,430
NIEDERSACHSEN,RB WESER-EMS,3405," WILHELMSHAVEN,STADT",0,20,4,227,6,200,312,6373,41,7183,0,11,5,12,1,0,135,133,7,304
NIEDERSACHSEN,RB WESER-EMS,3462, WITTMUND,11,18,52,144,20,3,33,5743,90,6114,15,10,71,41,8,4,24,216,12,401
NORDRHEIN-WESTFALEN,RB ARNSBERG,5911," BOCHUM,STADT",0,247,232,2995,90,14912,978,22674,1512,43640,3,157,185,305,240,108,301,555,1183,3037
NORDRHEIN-WESTFALEN,RB ARNSBERG,5913," DORTMUND,STADT",1,281,38,3281,69,468,4318,38300,373,47129,1,40,17,187,50,97,789,955,30,2166
NORDRHEIN-WESTFALEN,RB ARNSBERG,5954, ENNEPE-RUHR-KREIS,5,665,80,1581,100,212,946,23033,451,27073,6,108,48,125,94,40,253,510,50,1234
NORDRHEIN-WESTFALEN,RB ARNSBERG,5914," HAGEN,STADT",0,215,52,1275,99,96,565,14314,338,16954,1,31,36,73,87,31,136,366,55,816
NORDRHEIN-WESTFALEN,RB ARNSBERG,5915," HAMM,STADT",4,151,55,1330,26,117,779,14021,221,16704,4,38,29,97,41,39,195,348,24,815
NORDRHEIN-WESTFALEN,RB ARNSBERG,5916," HERNE,STADT",1,28,22,265,7,24,1011,10349,94,11801,0,15,11,25,3,6,286,238,9,593
NORDRHEIN-WESTFALEN,RB ARNSBERG,5958, HOCHSAUERLANDKREIS,22,640,170,1044,115,215,165,23255,703,26329,45,154,190,151,65,39,50,635,163,1492
NORDRHEIN-WESTFALEN,RB ARNSBERG,5962, MAERKISCHER KREIS,8,986,158,1258,106,185,851,34794,663,39009,8,143,88,113,41,15,170,999,61,1638
NORDRHEIN-WESTFALEN,RB ARNSBERG,5966, OLPE,13,471,76,743,55,75,342,12072,275,14122,25,55,60,61,25,24,177,313,30,770
NORDRHEIN-WESTFALEN,RB ARNSBERG,5970, SIEGEN-WITTGENSTEIN,10,325,126,2077,80,461,2362,24080,345,29866,7,65,87,152,74,23,576,471,32,1487
NORDRHEIN-WESTFALEN,RB ARNSBERG,5974, SOEST,36,227,44,798,39,70,1613,23459,199,26485,2,36,34,86,17,6,401,602,28,1212
NORDRHEIN-WESTFALEN,RB ARNSBERG,5978, UNNA,7,364,139,1875,467,168,986,29823,590,34419,6,113,87,409,133,23,224,721,75,1791
NORDRHEIN-WESTFALEN,RB DETMOLD,5711," BIELEFELD,STADT",8,510,279,1848,111,762,1362,21247,735,26862,2,68,64,121,109,90,240,524,72,1290
NORDRHEIN-WESTFALEN,RB DETMOLD,5754, GUETERSLOH,16,791,192,1725,189,199,1283,28048,476,32919,19,219,131,294,107,33,262,692,69,1826
NORDRHEIN-WESTFALEN,RB DETMOLD,5758, HERFORD,2,471,130,1551,90,225,1057,20679,489,24694,6,101,95,161,96,39,256,583,58,1395
NORDRHEIN-WESTFALEN,RB DETMOLD,5762, HOEXTER,12,151,66,455,31,40,227,11508,128,12618,6,57,66,62,36,6,55,361,36,685
NORDRHEIN-WESTFALEN,RB DETMOLD,5766, LIPPE,45,650,257,1271,126,382,255,27338,960,31284,21,95,183,217,140,83,105,585,172,1601
NORDRHEIN-WESTFALEN,RB DETMOLD,5770, MINDEN-LUEBBECKE,6,557,136,1249,82,87,1347,25976,353,29793,5,62,29,161,71,16,389,772,58,1563
NORDRHEIN-WESTFALEN,RB DETMOLD,5774, PADERBORN,3,94,22,860,81,189,2536,22203,173,26161,4,17,30,424,58,1,532,575,36,1677
NORDRHEIN-WESTFALEN,RB DUESSELDORF,5111," DUESSELDORF, STADT",2,593,132,3082,289,986,11881,28829,3097,48891,0,20,39,147,25,25,1351,634,80,2321
NORDRHEIN-WESTFALEN,RB DUESSELDORF,5112," DUISBURG,STADT",0,372,104,1378,187,40,2102,33287,406,37876,2,37,87,141,250,33,567,734,95,1946
NORDRHEIN-WESTFALEN,RB DUESSELDORF,5113," ESSEN,STADT",11,417,295,2411,255,395,3677,35707,1796,44964,11,102,144,328,135,35,749,935,186,2625
NORDRHEIN-WESTFALEN,RB DUESSELDORF,5154, KLEVE,16,319,167,3070,82,525,157,26416,455,31207,9,78,109,720,41,86,51,801,98,1993
NORDRHEIN-WESTFALEN,RB DUESSELDORF,5114," KREFELD,STADT",2,276,32,4262,15,645,1170,14280,324,21006,0,78,24,271,17,4,215,345,40,994
NORDRHEIN-WESTFALEN,RB DUESSELDORF,5158, METTMANN,5,2063,281,2027,309,1251,2472,31434,813,40655,12,261,125,284,567,271,559,645,86,2810
NORDRHEIN-WESTFALEN,RB DUESSELDORF,5116," MOENCHENGLADBACH,STADT",9,361,164,1724,79,341,358,18380,612,22028,6,57,118,635,94,50,81,509,41,1591
NORDRHEIN-WESTFALEN,RB DUESSELDORF,5117," MUELHEIM A.D.RUHR,STADT",1,8,34,717,11,9,1571,11139,140,13630,1,0,6,43,3,0,331,192,18,594
NORDRHEIN-WESTFALEN,RB DUESSELDORF,5162, NEUSS,7,301,148,1782,263,552,2981,29666,724,36424,8,31,117,225,166,113,595,621,63,1939
NORDRHEIN-WESTFALEN,RB DUESSELDORF,5119," OBERHAUSEN,STADT",1,19,7,774,7,6,1758,14713,51,17336,0,4,5,58,2,2,362,351,7,791
NORDRHEIN-WESTFALEN,RB DUESSELDORF,5120," REMSCHEID,STADT",1,134,20,605,33,28,615,8288,201,9925,3,17,13,71,17,3,155,173,88,540
NORDRHEIN-WESTFALEN,RB DUESSELDORF,5122," SOLINGEN,STADT",0,173,21,557,20,11772,953,11702,130,25328,4,23,21,55,40,279,196,372,13,1003
NORDRHEIN-WESTFALEN,RB DUESSELDORF,5166, VIERSEN,4,143,43,4382,63,106,2620,22271,164,29796,0,23,34,172,48,96,595,707,41,1716
NORDRHEIN-WESTFALEN,RB DUESSELDORF,5170, WESEL,12,339,265,3149,153,1243,829,36208,909,43107,3,103,168,284,97,1021,234,959,117,2986
NORDRHEIN-WESTFALEN,RB DUESSELDORF,5124," WUPPERTAL,STADT",5,313,155,1225,134,147,1288,22839,1136,27242,6,60,80,129,145,29,300,535,93,1377
NORDRHEIN-WESTFALEN,RB KOELN,5334," AACHEN, STAEDTEREGION",4,514,152,4021,117,370,4135,41032,912,51257,4,89,142,427,56,137,1214,1008,100,3177
NORDRHEIN-WESTFALEN,RB KOELN,5314," BONN,STADT",0,21,12,1472,1946,197,2358,15782,4493,26281,1,6,11,89,3774,9,608,444,1384,6326
NORDRHEIN-WESTFALEN,RB KOELN,5358, DUEREN,2,77,88,1376,41,1585,1483,22632,229,27513,4,37,62,94,27,134,453,717,53,1581
NORDRHEIN-WESTFALEN,RB KOELN,5366, EUSKIRCHEN,4,147,81,1091,65,8973,533,23551,273,34718,6,57,78,155,82,788,156,788,86,2196
NORDRHEIN-WESTFALEN,RB KOELN,5370, HEINSBERG,5,202,208,1694,66,141,415,22003,479,25213,16,57,192,145,68,28,152,638,58,1354
NORDRHEIN-WESTFALEN,RB KOELN,5315," KOELN,STADT",4,7849,196,6213,170,450,14921,52697,4404,86904,3,451,172,616,52,80,2320,1280,189,5163
NORDRHEIN-WESTFALEN,RB KOELN,5316," LEVERKUSEN,STADT",1,1011,108,1635,57,97,644,11154,393,15100,0,49,56,90,48,16,100,226,54,639
NORDRHEIN-WESTFALEN,RB KOELN,5374, OBERBERGISCHER KREIS,2,102,38,708,15,34,2243,23557,285,26984,1,14,31,491,6,7,525,628,29,1732
NORDRHEIN-WESTFALEN,RB KOELN,5378, RHEIN.-BERGISCHER KREIS,3,221,84,1382,48,250,1414,21252,512,25166,3,33,60,144,32,13,335,454,63,1137
NORDRHEIN-WESTFALEN,RB KOELN,5362, RHEIN-ERFT-KREIS,6,782,49,585,76,95,4263,35325,321,41502,1,68,43,85,88,31,1306,941,85,2648
NORDRHEIN-WESTFALEN,RB KOELN,5382, RHEIN-SIEG-KREIS,4,440,245,3275,173,393,2125,43957,1141,51753,9,78,176,326,120,117,628,1223,127,2804
NORDRHEIN-WESTFALEN,RB MUENSTER,5554, BORKEN,20,505,353,2184,96,288,1389,28924,593,34352,16,128,248,349,88,54,339,719,88,2029
NORDRHEIN-WESTFALEN,RB MUENSTER,5512," BOTTROP,STADT",1,94,94,290,32,60,145,8580,183,9479,1,17,47,45,36,21,36,185,26,414
NORDRHEIN-WESTFALEN,RB MUENSTER,5558, COESFELD,10,96,42,1029,49,99,1209,17014,176,19724,2,32,26,117,96,19,379,353,33,1057
NORDRHEIN-WESTFALEN,RB MUENSTER,5513," GELSENKIRCHEN,STADT",3,106,165,672,140,182,700,18885,506,21359,0,32,120,125,51,53,193,438,69,1081
NORDRHEIN-WESTFALEN,RB MUENSTER,5515," MUENSTER,STADT",48,167,151,1825,132,1086,1739,15226,783,21157,13,10,55,215,58,365,225,289,72,1302
NORDRHEIN-WESTFALEN,RB MUENSTER,5562, RECKLINGHAUSEN,10,375,476,2893,179,442,297,46202,1103,51977,9,124,268,263,150,102,95,1147,162,2320
NORDRHEIN-WESTFALEN,RB MUENSTER,5566, STEINFURT,20,792,343,3271,229,432,258,35928,1882,43155,20,314,255,526,222,97,111,716,189,2450
NORDRHEIN-WESTFALEN,RB MUENSTER,5570, WARENDORF,9,210,47,1922,32,123,1691,21140,185,25359,4,41,35,88,36,4,495,458,19,1180
RHEINLAND-PFALZ,RB KOBLENZ,7131, AHRWEILER,18,341,106,468,69,22,225,17756,298,19303,14,145,128,134,64,3,85,416,103,1092
RHEINLAND-PFALZ,RB KOBLENZ,7132, ALTENKIRCHEN(WESTWLD.),4,150,53,761,42,4,179,12927,172,14292,8,48,28,176,71,0,57,301,18,707
RHEINLAND-PFALZ,RB KOBLENZ,7133, BAD KREUZNACH,7,301,118,545,56,23,314,12995,281,14640,6,41,108,76,149,3,77,398,41,899
RHEINLAND-PFALZ,RB KOBLENZ,7134, BIRKENFELD,4,112,62,354,37,97,55,7782,136,8639,10,24,102,52,33,9,22,209,30,491
RHEINLAND-PFALZ,RB KOBLENZ,7135, COCHEM-ZELL,6,74,35,214,39,16,39,6077,75,6575,0,31,53,43,16,1,31,217,14,406
RHEINLAND-PFALZ,RB KOBLENZ,7111," KOBLENZ,STADT",1,1109,31,1534,105,137,29,7196,488,10630,4,172,28,121,126,19,21,257,47,795
RHEINLAND-PFALZ,RB KOBLENZ,7137, MAYEN-KOBLENZ,4,207,93,721,67,132,571,17824,469,20088,5,82,66,164,113,13,181,520,59,1203
RHEINLAND-PFALZ,RB KOBLENZ,7138, NEUWIED,7,427,112,821,58,57,406,16570,335,18793,11,131,68,218,68,7,148,482,47,1180
RHEINLAND-PFALZ,RB KOBLENZ,7140, RHEIN-HUNSRUECK-KREIS,5,226,165,467,60,30,72,9902,186,11113,8,69,107,50,108,9,23,258,36,668
RHEINLAND-PFALZ,RB KOBLENZ,7141, RHEIN-LAHN-KREIS,2,135,44,658,26,20,53,11079,189,12206,4,48,47,131,10,6,21,323,71,661
RHEINLAND-PFALZ,RB KOBLENZ,7143, WESTERWALDKREIS,8,484,174,762,70,97,334,19817,437,22183,8,133,170,115,79,20,189,571,69,1354
RHEINLAND-PFALZ,RB RHEINHESSEN-PFALZ,7331, ALZEY-WORMS,21,63,135,337,61,16,176,11053,190,12052,9,17,105,79,47,2,46,330,34,669
RHEINLAND-PFALZ,RB RHEINHESSEN-PFALZ,7332, BAD DUERKHEIM,18,121,39,902,31,22,139,11053,137,12462,6,51,20,101,11,4,14,355,20,582
RHEINLAND-PFALZ,RB RHEINHESSEN-PFALZ,7333, DONNERSBERGKREIS,5,108,43,178,31,10,58,7094,112,7639,6,26,41,42,16,8,27,221,18,405
RHEINLAND-PFALZ,RB RHEINHESSEN-PFALZ,7311," FRANKENTHAL(PFALZ),STADT",0,143,57,164,7,115,148,3093,60,3787,2,34,14,13,6,4,44,79,5,201
RHEINLAND-PFALZ,RB RHEINHESSEN-PFALZ,7334, GERMERSHEIM,5,1074,69,291,51,43,106,11319,247,13205,8,124,44,48,31,43,32,247,30,607
RHEINLAND-PFALZ,RB RHEINHESSEN-PFALZ,7335, KAISERSLAUTERN,1,75,50,179,28,9,75,9033,223,9673,1,28,56,31,38,4,51,301,25,535
RHEINLAND-PFALZ,RB RHEINHESSEN-PFALZ,7312," KAISERSLAUTERN,STADT",0,136,37,1502,22,128,168,6056,362,8411,0,16,41,51,23,11,47,146,62,397
RHEINLAND-PFALZ,RB RHEINHESSEN-PFALZ,7336, KUSEL,4,54,19,650,7,21,13,6938,92,7798,1,16,21,30,18,3,3,290,14,396
RHEINLAND-PFALZ,RB RHEINHESSEN-PFALZ,7313," LANDAU I.D.PFALZ,STADT",2,59,12,511,12,19,271,3153,102,4141,5,10,5,29,2,0,61,93,4,209
RHEINLAND-PFALZ,RB RHEINHESSEN-PFALZ,7314," LUDWIGSHAFEN A.RH.,STADT",2,745,160,442,49,48,543,11475,308,13772,0,29,89,69,43,52,157,307,34,780
RHEINLAND-PFALZ,RB RHEINHESSEN-PFALZ,7315," MAINZ,STADT",0,322,41,795,56,23,1550,10232,955,13974,1,42,22,95,86,4,245,242,46,783
RHEINLAND-PFALZ,RB RHEINHESSEN-PFALZ,7339, MAINZ-BINGEN,16,503,154,691,133,122,430,14947,624,17620,10,52,117,102,55,8,136,347,36,863
RHEINLAND-PFALZ,RB RHEINHESSEN-PFALZ,7316," NEUSTADT A.D.WSTR.,STADT",9,13,13,257,11,2,344,3767,87,4503,2,7,5,30,5,0,101,117,12,279
RHEINLAND-PFALZ,RB RHEINHESSEN-PFALZ,7317," PIRMASENS,STADT",0,75,13,399,12,25,14,3235,112,3885,0,16,13,48,9,0,12,82,13,193
RHEINLAND-PFALZ,RB RHEINHESSEN-PFALZ,7338, RHEIN-PFALZ-KREIS,12,79,58,525,35,12,45,11701,180,12647,12,46,36,203,73,6,26,267,37,706
RHEINLAND-PFALZ,RB RHEINHESSEN-PFALZ,7318," SPEYER,STADT",0,38,18,706,8,40,146,3408,157,4521,3,12,14,76,8,5,35,71,20,244
RHEINLAND-PFALZ,RB RHEINHESSEN-PFALZ,7337, SUEDLICHE WEINSTRASSE,12,53,21,316,26,9,336,9069,144,9986,18,25,27,60,5,0,90,283,13,521
RHEINLAND-PFALZ,RB RHEINHESSEN-PFALZ,7340, SUEDWESTPFALZ,8,81,69,205,15,25,86,8657,88,9234,6,31,72,43,24,3,17,234,19,449
RHEINLAND-PFALZ,RB RHEINHESSEN-PFALZ,7319," WORMS,STADT",7,65,69,320,45,11,298,6139,140,7094,3,20,56,44,69,4,131,184,21,532
RHEINLAND-PFALZ,RB RHEINHESSEN-PFALZ,7320," ZWEIBRUECKEN,STADT",1,76,18,253,151,39,19,2746,110,3413,1,28,21,28,22,3,8,72,10,193
RHEINLAND-PFALZ,RB TRIER,7231, BERNKASTEL-WITTLICH,92,150,148,994,49,25,134,11091,197,12880,14,42,118,135,35,8,53,389,34,828
RHEINLAND-PFALZ,RB TRIER,7232, EIFELKREIS BITBURG-PRUEM,4,230,63,1048,34,215,40,11164,261,13059,7,129,103,143,22,29,16,406,37,892
RHEINLAND-PFALZ,RB TRIER,7211, TRIER-SAARBURG,9,214,120,1283,54,174,488,20556,680,23578,7,93,121,173,118,10,147,530,73,1272
RHEINLAND-PFALZ,RB TRIER,7233, VULKANEIFEL,4,124,45,289,28,11,15,6531,96,7143,0,53,47,64,26,3,12,236,22,463
SAARLAND,RB ZUSAMMEN,10042, MERZIG-WADERN,4,122,77,449,48,228,153,10364,168,11613,4,18,84,46,17,32,47,275,25,548
SAARLAND,RB ZUSAMMEN,10043, NEUNKIRCHEN,1,75,118,486,42,63,368,12139,221,13513,1,17,84,67,43,18,90,349,40,709
SAARLAND,RB ZUSAMMEN,10041," SAARBRUECKEN,STADTVERB.",2,203,158,2014,75,628,942,25689,1035,30746,2,55,133,219,97,137,236,778,123,1780
SAARLAND,RB ZUSAMMEN,10044, SAARLOUIS,1,254,29,3817,20,75,1082,17774,102,23154,3,12,24,43,48,15,402,436,26,1009
SAARLAND,RB ZUSAMMEN,10045, SAAR-PFALZ-KREIS,3,199,87,857,52,203,270,12134,344,14149,3,55,80,98,65,29,74,292,67,763
SAARLAND,RB ZUSAMMEN,10046, SANKT WENDEL,2,64,49,4122,12,679,222,8054,107,13311,7,22,76,153,24,214,85,185,13,779
SACHSEN,RB CHEMNITZ,14511," CHEMNITZ, STADT",5,226,205,1708,60,696,413,14596,847,18756,4,72,186,265,114,227,123,267,83,1341
SACHSEN,RB CHEMNITZ,14521, ERZGEBIRGSKREIS,26,356,274,1246,98,304,377,24378,659,27718,35,149,453,298,239,106,224,959,130,2593
SACHSEN,RB CHEMNITZ,14522, MITTELSACHSEN,36,220,169,1155,101,399,374,19837,488,22779,40,113,265,282,208,162,201,708,111,2090
SACHSEN,RB CHEMNITZ,14523, VOGTLANDKREIS,13,155,204,1272,85,108,907,17027,420,20191,20,75,317,166,171,35,395,662,75,1916
SACHSEN,RB CHEMNITZ,14524, ZWICKAU,11,498,230,1351,118,498,408,21591,596,25301,24,99,277,262,287,70,209,748,85,2061
SACHSEN,RB DRESDEN,14625, BAUTZEN,36,282,235,1743,93,318,426,18990,550,22673,45,111,331,196,195,83,164,658,97,1880
SACHSEN,RB DRESDEN,14612," DRESDEN, STADT",7,536,281,3556,219,1709,1387,23101,1687,32483,20,116,235,577,184,207,424,522,198,2483
SACHSEN,RB DRESDEN,14626, GOERLITZ,29,164,189,746,41,116,292,16307,550,18434,37,87,368,134,168,35,126,487,88,1530
SACHSEN,RB DRESDEN,14627, MEISSEN,22,259,140,1255,67,121,404,14583,358,17209,29,69,188,241,122,49,225,723,91,1737
SACHSEN,RB DRESDEN,14628, SAECHS.SCHWEIZ-OSTERZGEB.,41,274,258,1048,83,115,237,15850,606,18512,51,116,294,148,89,71,75,561,128,1533
SACHSEN,RB LEIPZIG,14729, LEIPZIG,32,89,148,1078,62,98,873,16519,376,19275,16,45,153,218,66,51,508,544,81,1682
SACHSEN,RB LEIPZIG,14713," LEIPZIG, STADT",3,1868,363,2524,251,572,1574,26357,1154,34666,1,37,236,353,269,198,452,634,155,2335
SACHSEN,RB LEIPZIG,14730, NORDSACHSEN,35,104,213,1035,75,80,402,13280,221,15445,34,38,193,516,94,41,225,587,53,1781
SACHSEN-ANHALT,RB ZUSAMMEN,15081, ALTMARKKREIS SALZWEDEL,17,28,33,235,16,14,209,6025,99,6676,14,13,33,23,3,2,112,311,28,539
SACHSEN-ANHALT,RB ZUSAMMEN,15082, ANHALT-BITTERFELD,20,92,38,483,36,119,542,10650,209,12189,8,40,69,83,48,49,291,393,43,1024
SACHSEN-ANHALT,RB ZUSAMMEN,15083, BOERDE,24,128,94,388,41,92,360,12700,213,14040,28,63,92,324,120,32,206,450,63,1378
SACHSEN-ANHALT,RB ZUSAMMEN,15084, BURGENLANDKREIS,19,73,142,554,61,101,348,12550,350,14198,18,41,170,146,49,14,115,484,84,1121
SACHSEN-ANHALT,RB ZUSAMMEN,15001," DESSAU-ROßLAU,STADT",6,70,47,482,10,56,81,4781,166,5699,5,20,47,56,15,16,38,150,21,368
SACHSEN-ANHALT,RB ZUSAMMEN,15002," HALLE (SAALE),STADT",1,6,45,4216,22,47,1028,11472,493,17330,1,7,33,912,4,10,663,249,85,1964
SACHSEN-ANHALT,RB ZUSAMMEN,15085, HARZ,24,62,85,1137,79,381,505,15526,275,18074,23,53,144,136,83,131,181,614,61,1426
SACHSEN-ANHALT,RB ZUSAMMEN,15086, JERICHOWER LAND,5,32,22,99,21,48,434,6406,100,7167,15,9,26,12,13,15,200,292,20,602
SACHSEN-ANHALT,RB ZUSAMMEN,15003," MAGDEBURG, STADT",28,71,192,1222,42,518,104,12937,1260,16374,1,36,159,159,115,187,52,216,166,1091
SACHSEN-ANHALT,RB ZUSAMMEN,15087, MANSFELD-SUEDHARZ,16,82,99,689,69,40,147,10099,322,11563,21,73,119,101,39,23,86,354,64,880
SACHSEN-ANHALT,RB ZUSAMMEN,15088, SAALEKREIS,21,60,146,599,52,93,653,13765,241,15630,11,23,144,86,162,25,386,481,79,1397
SACHSEN-ANHALT,RB ZUSAMMEN,15089, SALZLANDKREIS,10,197,102,545,60,83,279,13224,310,14810,21,47,121,127,63,38,123,496,57,1093
SACHSEN-ANHALT,RB ZUSAMMEN,15090, STENDAL,29,48,113,471,60,55,55,7552,232,8615,24,20,162,72,31,21,38,370,83,821
SACHSEN-ANHALT,RB ZUSAMMEN,15091, WITTENBERG,14,67,84,369,40,42,138,8434,186,9374,13,44,133,101,36,29,76,362,45,839
SCHLESWIG-HOLSTEIN,RB ZUSAMMEN,1051, DITHMARSCHEN,14,60,108,395,52,208,92,12218,295,13442,10,28,109,67,24,139,57,460,48,942
SCHLESWIG-HOLSTEIN,RB ZUSAMMEN,1001," FLENSBURG,STADT",0,143,26,1553,30,159,880,6200,154,9145,2,19,21,88,7,12,560,122,25,856
SCHLESWIG-HOLSTEIN,RB ZUSAMMEN,1053, HERZOGTUM LAUENBURG,6,165,99,652,40,93,176,15508,351,17090,14,53,105,99,131,30,63,558,65,1118
SCHLESWIG-HOLSTEIN,RB ZUSAMMEN,1002," KIEL,STADT",0,33,52,1078,66,141,1269,13838,738,17215,0,16,56,142,75,27,372,359,116,1163
SCHLESWIG-HOLSTEIN,RB ZUSAMMEN,1003," LUEBECK,STADT",1,234,86,838,98,265,755,12955,395,15627,3,41,73,60,62,70,235,382,48,974
SCHLESWIG-HOLSTEIN,RB ZUSAMMEN,1004," NEUMUENSTER,STADT",24,117,105,656,38,18,211,6048,192,7409,6,14,66,79,54,6,53,162,19,459
SCHLESWIG-HOLSTEIN,RB ZUSAMMEN,1054, NORDFRIESLAND,23,37,103,740,57,93,453,14821,325,16652,4,18,129,87,18,31,135,815,68,1305
SCHLESWIG-HOLSTEIN,RB ZUSAMMEN,1055, OSTHOLSTEIN,7,80,71,627,35,99,537,16907,288,18651,3,33,58,59,36,38,183,653,58,1121
SCHLESWIG-HOLSTEIN,RB ZUSAMMEN,1056, PINNEBERG,34,629,233,1568,109,657,504,20682,587,25003,45,191,178,202,141,51,142,620,73,1643
SCHLESWIG-HOLSTEIN,RB ZUSAMMEN,1057, PLOEN,14,40,61,404,16,71,320,10734,95,11755,5,30,67,34,18,17,128,368,35,702
SCHLESWIG-HOLSTEIN,RB ZUSAMMEN,1058, RENDSBURG-ECKERNFOERDE,16,84,159,1175,54,43,812,23218,474,26035,8,54,114,136,51,11,264,861,55,1554
SCHLESWIG-HOLSTEIN,RB ZUSAMMEN,1059, SCHLESWIG-FLENSBURG,11,55,100,1102,49,72,796,18677,216,21078,15,29,131,93,38,32,250,689,48,1325
SCHLESWIG-HOLSTEIN,RB ZUSAMMEN,1060, SEGEBERG,16,601,227,2300,89,879,195,20867,585,25759,16,97,232,222,132,107,88,647,101,1642
SCHLESWIG-HOLSTEIN,RB ZUSAMMEN,1061, STEINBURG,0,50,30,592,49,15,547,11400,192,12875,3,17,21,88,23,10,226,381,28,797
SCHLESWIG-HOLSTEIN,RB ZUSAMMEN,1062, STORMARN,5,194,84,1970,79,101,2016,16827,284,21560,3,37,82,166,76,132,487,499,41,1523
THUERINGEN,RB ZUSAMMEN,16077, ALTENBURGER LAND,17,47,47,234,30,17,103,6168,205,6868,10,24,74,49,39,23,42,202,54,517
THUERINGEN,RB ZUSAMMEN,16061, EICHSFELD,8,113,84,315,42,23,36,7286,139,8046,8,43,304,57,102,11,11,439,37,1012
THUERINGEN,RB ZUSAMMEN,16051," ERFURT, STADT",21,96,179,1027,36,354,322,11798,1459,15292,5,26,158,392,139,64,92,358,404,1638
THUERINGEN,RB ZUSAMMEN,16052," GERA, STADT",1,19,35,758,12,38,441,5853,155,7312,3,5,31,86,30,13,110,177,22,477
THUERINGEN,RB ZUSAMMEN,16067, GOTHA,13,127,64,620,14,20,422,9753,235,11268,13,35,103,121,36,4,142,427,30,911
THUERINGEN,RB ZUSAMMEN,16076, GREIZ,7,11,7,180,9,2,515,7308,63,8102,7,12,12,25,33,1,377,425,21,913
THUERINGEN,RB ZUSAMMEN,16069, HILDBURGHAUSEN,7,30,7,432,8,24,96,5156,81,5841,5,9,25,18,20,10,54,312,18,471
THUERINGEN,RB ZUSAMMEN,16070, ILM-KREIS,4,112,62,511,33,64,142,8142,311,9381,13,35,89,119,41,13,48,410,49,817
THUERINGEN,RB ZUSAMMEN,16053," JENA, STADT",1,61,49,645,38,75,420,4594,255,6138,3,3,38,146,4,6,104,109,42,455
THUERINGEN,RB ZUSAMMEN,16065, KYFFHAEUSERKREIS,15,39,43,472,12,35,130,6008,145,6899,17,14,50,26,5,5,57,268,13,455
THUERINGEN,RB ZUSAMMEN,16062, NORDHAUSEN,7,70,48,674,16,32,38,6310,244,7439,11,38,53,126,14,9,24,238,53,566
THUERINGEN,RB ZUSAMMEN,16074, SAALE-HOLZLANDKREIS,26,60,34,283,27,26,145,6133,85,6819,12,13,42,38,44,14,51,323,13,550
THUERINGEN,RB ZUSAMMEN,16075, SAALE-ORLA-KREIS,19,57,31,334,18,27,326,6563,66,7441,19,22,72,50,65,16,177,339,23,783
THUERINGEN,RB ZUSAMMEN,16073, SAALFELD-RUDOLSTADT,6,103,34,243,27,23,120,7889,161,8606,13,65,35,47,31,10,47,480,40,768
THUERINGEN,RB ZUSAMMEN,16066, SCHMALKALDEN-MEININGEN,12,162,85,632,39,68,123,9940,263,11324,10,55,124,74,78,22,99,477,60,999
THUERINGEN,RB ZUSAMMEN,16068, SOEMMERDA,8,152,60,244,30,41,23,4959,101,5618,12,75,56,46,54,2,11,273,17,546
THUERINGEN,RB ZUSAMMEN,16072, SONNEBERG,1,74,20,184,27,20,68,4545,86,5025,6,32,33,14,30,4,69,195,24,407
THUERINGEN,RB ZUSAMMEN,16054," SUHL, STADT",0,38,14,451,11,20,69,2906,98,3607,1,7,4,44,35,11,23,132,18,275
THUERINGEN,RB ZUSAMMEN,16064, UNSTRUT-HAINICH-KREIS,17,62,39,502,28,44,131,7498,124,8445,15,50,54,61,34,12,75,491,25,817
THUERINGEN,RB ZUSAMMEN,16063, WARTBURGKREIS,10,189,95,853,49,102,115,12048,321,13782,18,82,143,97,108,44,29,419,71,1011
THUERINGEN,RB ZUSAMMEN,16055," WEIMAR, STADT",2,24,22,449,13,73,93,3393,1325,5394,0,20,25,40,6,10,21,102,38,262
THUERINGEN,RB ZUSAMMEN,16071, WEIMARER-LAND,7,32,104,145,23,15,146,6047,80,6599,13,22,85,42,26,6,61,363,19,637
